path,r1_feat1,r1_feat2,r1_feat3,r2_feat1,r2_feat2,r2_feat3,r3_feat1,r3_feat2,r3_feat3,r4_feat1,r4_feat2,r4_feat3,r5_feat1,r5_feat2,r5_feat3,r6_feat1,r6_feat2,r6_feat3,r7_feat1,r7_feat2,r7_feat3,r8_feat1,r8_feat2,r8_feat3,r9_feat1,r9_feat2,r9_feat3,avg_feat1,avg_feat2,avg_feat3
data_subset/real/id21_0002.mp4,44.48856995428752,74.41647526847278,74.24831170729217,39.604049358917614,65.5304333502994,65.5304333502994,38.92227996342224,42.79067527441448,42.752609621954676,43.27760270376944,64.43896693163019,64.28953080404284,32.57822219250906,43.1325735889231,42.99966409160079,37.50278728587943,53.19970238011988,53.158894416226865,23.012689212604386,36.8974391096399,36.72572718872892,26.71243814745979,38.78412497410079,38.73165166436858,43.9456670825327,71.75281460755042,71.74509300896128,37.30332078511376,54.3401054908051,54.31454029055248
data_subset/real/id24_0000.mp4,33.11171224096309,45.087378723059715,44.94570744882988,41.0517865768829,48.213802802654236,48.203003515067095,35.863504276082935,47.130460500557305,47.130460500557305,41.28688951719312,59.75701475692251,59.65114280003705,38.753882911119696,49.91080479589715,49.91080479589715,45.83447411972766,60.55214889833054,60.514220638383,45.25728916121935,66.22472563713862,66.12835385576652,36.9370365577965,52.18650594408656,52.13545778896738,25.26027776278522,31.378670960600676,31.282958463233804,37.24416700894888,50.496252377351915,50.496252377351915
data_subset/real/id36_0008.mp4,39.60797836438233,58.741492863343325,58.73744427158351,42.80852019236058,56.47851992780894,56.28845123760616,37.67798975101891,58.635853070507316,58.627325244344235,36.909246660045305,51.281076652172246,51.27530698718082,41.40240333440857,65.333090378557,65.28246666230328,42.24136480951075,47.770455265803264,47.67125906330573,36.39161986816786,47.20737583408783,47.18164466240808,38.96479711753498,49.36558974880342,49.30813844596856,39.55771623459105,43.24259304249384,43.20292232890651,32.37667649951031,45.5978264794978,45.5978264794978
data_subset/real/id29_0002.mp4,35.107644043548206,45.18567847001114,45.18327714186374,31.913299272410374,37.62570766844154,37.292008226307956,33.129819856702525,47.88987610378786,47.83065229531987,33.4764403272314,42.28113757181412,42.277743607845885,34.7398494938758,51.314771580052124,51.314771580052124,46.35792749102943,73.74227217352343,73.5746715918682,36.76384648215234,50.064796449575375,50.02967338027918,41.043266119061244,63.05692418494873,62.789882166262906,42.79786227632461,57.82874455860962,57.82874455860962,35.72164495606756,56.13319315832353,56.06924851691612
data_subset/real/id0_0000.mp4,45.80864852478912,75.1353066520921,75.08394140108255,30.210324475876742,36.515302914514834,36.501607456915856,38.66660148181281,51.717462611594286,51.699481959197826,47.44346934951873,80.89774098515221,80.85003677870566,35.07153391471892,42.88072569426116,42.639130842943736,42.87115346383542,55.04414619347446,54.93413994495445,30.06843102354506,46.41857742189327,46.34392217018394,39.025120115125844,54.06400527769531,54.02385018571787,35.31996435616067,50.15149179693306,50.15149179693306,36.51303115112252,56.35377803945116,56.35377803945116
data_subset/real/id60_0008.mp4,37.94993240592811,55.24754468983649,55.24125948791388,25.20694368256792,37.33846539069899,37.269232732593615,41.02421251763541,54.33674638120755,54.32587351175792,27.630565339210392,36.651718247461574,36.61533687504434,37.01217986725177,61.18210201958839,61.18210201958839,33.14475364032068,36.658355582508136,36.63703773524281,37.22814642269894,57.430263597389455,57.42659245157966,45.063917949020265,72.78334618128004,72.7744746393267,29.30042243350182,42.7480806031749,42.732505593620324,37.831676588637094,59.98193071370495,59.95436787273913
data_subset/real/id37_0008.mp4,45.945250582680906,62.898357957536966,62.79688154449739,41.479529080957626,55.071416562011876,55.06998685083437,34.19679998044646,50.54268909317108,50.52585573265966,36.3524603164589,53.828634256213604,53.752754353457,35.98935789157216,47.914742494383376,47.90430615615957,39.88588308444108,54.258998310052924,54.25621624942191,41.832150902035345,60.80407994868419,60.77198609700786,32.839464744523596,41.243187038543184,41.23003041051282,33.720730082168885,44.3987658040612,44.38187726610453,32.56988747381282,45.582958684677095,45.49159391065364
data_subset/real/id50_0005.mp4,32.2640371134786,37.97348030904101,37.96470489515944,32.54404415424816,43.181838796119585,43.181838796119585,44.29957446739605,60.77603069491688,60.74710101749283,31.23434425546807,45.97997567708476,45.95187977767657,39.05300449297364,52.87398628789033,52.85798247653701,42.289353929592174,54.80589622320866,54.80589622320866,35.470882133984524,51.099275915761204,51.075214634314094,44.0039705833158,54.8795443521081,54.866630612193696,41.62621165321965,61.57052627041139,61.57052627041139,28.437102146496986,34.608193066366,34.60082113530301
data_subset/real/id7_0000.mp4,42.12713767432566,68.49787467371507,68.44986641956827,30.993525766775587,48.36239533768808,48.31489880010243,48.50051802613272,64.88155804157518,64.87872736455355,37.36709546690987,65.98515848481104,65.98515848481104,40.09750021896033,54.185258826109504,54.0898386150247,36.91839173746538,57.364108501200015,57.364108501200015,34.66223797387825,51.4293345486728,51.361666351846026,36.03022163057423,43.66750865292583,43.521215629995176,39.92012071729374,52.09370191000869,52.09370191000869,34.97017477197914,59.09882921090895,59.01657948183607
data_subset/real/id16_0008.mp4,35.875615042111576,63.44958896743188,63.42099196813482,40.33688822047036,70.15680828995221,70.1394064929488,40.280547061733344,58.38292892206394,58.11800230554992,33.76203583314914,53.29664979920027,53.22421282119519,31.47165657458312,48.012728404408904,47.781552508429556,39.32486567069832,63.86714605866628,63.712316385917546,38.47406396571402,54.49583395423311,54.49583395423311,37.0469587050804,41.77636619639981,41.75979752741522,40.96383806757498,63.75410445088013,63.39866943340479,41.68592819258624,58.51184598963797,58.322300986804265
data_subset/real/id45_0001.mp4,34.96742320943165,59.874798509879255,59.54770353757262,33.14230979296251,47.3618906722129,47.29853260943107,45.04198965477341,72.68948124564298,72.15590988789523,30.179191054240246,50.730389898824406,50.63454847159628,40.059046381575904,59.6082185392705,59.402745298646074,52.81055420186841,75.48301256034489,75.36792470324544,25.853618941371753,33.71171297689773,33.67048877071666,38.54083160727226,71.59536082463707,71.567420601905,42.858833440873894,61.167851416109016,61.02577271736981,42.040830086077484,66.6365709148492,66.61880905108106
data_subset/real/id5_0003.mp4,45.07513655275871,59.30091330417018,59.29948146705348,40.620778168907826,53.671335411912,53.56044845291189,36.16642622765914,51.90889642148822,51.8978378019077,38.28185866480562,49.241027206924166,49.206192751642945,40.538866935591386,62.31721571243102,62.31721571243102,36.10793319432457,55.24027089311448,55.23447771405711,42.53036812711475,54.79491019565165,54.76580509623981,40.753036070697746,50.447585152677284,50.439087114224456,43.34883558502828,53.735101724128405,53.732496777392846,32.61240892592399,39.22631927194748,39.15399327507215
data_subset/real/id21_0009.mp4,44.320873681164116,53.2026513988837,53.195158821020456,40.17111435531618,53.09563847809747,52.94340043269243,38.51441422767039,54.7508818524912,54.6718258758047,39.72918286203021,61.30620322426785,61.30620322426785,23.191568835165302,35.94755170971874,35.94755170971874,43.15008184803435,48.63348043787462,48.315124153522255,30.40452512407367,35.928283034315776,35.820740813266085,38.44492149958651,57.12673383645228,57.11975599513105,33.715439432798355,58.90436756223036,58.87040443131282,35.47319106348046,54.90134077090406,54.90134077090406
data_subset/real/id35_0007.mp4,35.78628456916568,47.74225914502451,47.6222166205786,32.671649250752054,40.60420931453975,40.51654850734259,25.857668929684227,44.50757279701039,44.4963373355738,42.55283070913784,62.34883457685042,62.25966641398224,33.37711711690374,58.047105787453546,58.04405380320882,37.840235398206836,57.75403671569051,57.74688139351195,36.35932572110523,47.33070596783628,47.257491677590544,32.396887428602795,45.77984480851972,45.67738056538732,40.576726544352404,63.06705826878505,62.83181160515603,45.60731126330778,75.69852336676917,75.63025060950304
data_subset/real/id2_0004.mp4,39.99524461528814,52.44125316974801,52.27546195781051,41.311220098438966,68.2721499849751,68.2721499849751,38.196851088886575,64.57835394072065,64.57835394072065,37.80450297684495,59.83726987599912,59.83726987599912,41.37830584233067,65.70648376886008,65.70648376886008,44.12415704771882,61.10158361399656,61.08096261364226,45.149819886990294,66.06777730384498,65.95179518866559,39.69440406764806,52.43638841426794,52.43638841426794,38.51681008598108,58.14028485611216,58.119394207603264,35.778007397108794,51.81127448022588,51.805097850166305
data_subset/real/id19_0003.mp4,39.17209821211046,55.289266748775965,55.289266748775965,35.85792827825059,49.3994546776478,49.38363719339615,48.562632106390645,64.09672709470534,64.03301616312487,44.62000113564456,59.40219515410483,59.39253176909266,43.10874134924938,56.875849553422846,56.798618934827104,35.01167825104185,48.00685845194093,47.99185825142315,32.904471089611434,52.56236622489027,52.4940720297209,47.77598360090359,72.19906465524095,72.1382408128433,47.34619618609662,69.54601291211874,69.51941949642932,45.652836410439335,69.8715406714238,69.79822487569744
data_subset/real/id48_0006.mp4,29.5208225148818,40.304959941902524,40.28778615006519,36.3936375973405,47.59724203123109,47.588866923914466,43.14923530387075,57.56429413433012,57.56429413433012,49.28798482053475,67.95064568812505,67.87874943185906,37.869189925704035,46.71288165518826,46.608236262828314,36.73976887199323,48.39955585336214,48.370851026469886,29.386543808256228,45.495430360350134,45.495430360350134,46.603135842128616,58.23181155992848,58.09303487967049,32.64145999268381,55.973770364138005,55.973770364138005,39.00835548922937,47.91049206001861,47.87378849049975
data_subset/real/id48_0003.mp4,28.853391526708556,37.37438017242379,37.25378226801762,38.00641145103625,49.929689125901334,49.73439643133393,37.54656133492921,58.795431464565695,58.795431464565695,45.2693354182156,66.99299882393112,66.9697521614947,37.75987209862997,54.231442749719,54.20582630066875,36.30258325547106,50.248576511785835,50.223762968026904,40.24571109950428,57.98972333175703,57.773765777329466,33.77095779235525,49.9040028167299,49.890133434249336,31.555367733258965,49.51643209193431,49.5039642777617,40.08336369247918,59.76249065076003,59.7284503350413
data_subset/real/id45_0005.mp4,34.43733468426687,36.583539223766394,36.583539223766394,38.3059647936912,53.96758286230726,53.819141576208736,42.83125613279705,48.429375217690065,48.42000985643595,48.22202682424922,54.840975523525124,54.61256811734714,41.68215857834141,53.5723809439155,52.75309364282713,39.19819966982466,57.4869928434504,57.37693239337805,48.1105782001257,80.23809523809524,80.1149102291071,37.12801562116853,56.361251194898976,56.1120571231674,40.16257275047269,48.58625576950625,48.58625576950625,33.599793298380234,40.72806784275534,40.72806784275534
data_subset/real/id28_0008.mp4,41.93135486015403,57.347846604768705,57.347846604768705,36.71201113758181,44.657997432642205,44.657997432642205,34.87110010379626,46.755356620578866,46.2901806460188,21.755624404913533,33.266539721859054,33.05091265735236,38.61771997444039,58.936417226619774,58.915701381382235,36.63537210135126,59.226399856054876,59.20294470827882,36.386938196261404,56.84445898244439,56.81253734073994,39.20000686949389,60.72041285609779,60.70754514403432,41.934434608381046,59.585259286275225,59.47813062102601,24.72535556151151,26.2736773682136,26.02981022612657
data_subset/real/id55_0004.mp4,39.95146967826419,57.25469824352945,57.201285639880595,37.17146805022694,49.55255047953322,49.54950416624162,47.57336495703182,75.19649241590547,75.19649241590547,43.292764831103256,56.3915594106627,56.129057632945525,27.364319482231302,38.75960538705761,38.73765205209278,32.47228017235372,45.77289356525712,45.704570726967304,36.8636470389132,46.68900255602623,46.68900255602623,33.41972011697455,52.758275037929295,52.71712536927649,46.95548512350022,68.4187606559651,68.40605155450794,38.73127493398994,62.35388265347015,62.35388265347015
data_subset/real/id46_0005.mp4,29.18885114057215,46.29907918695674,46.061177550189605,31.53774907238155,45.857407097592045,45.852517533480786,40.5589577441036,55.21359609965176,55.205381664988266,45.40333269736303,65.07365441456483,64.72546601190767,31.230693764759543,43.449992260041036,43.43406202915683,28.074962452348853,46.454662998300975,46.44608186282416,37.2011572233034,51.570842096926555,51.53139087225813,39.75926783248101,54.46838392075512,54.44596808477902,26.836487384273784,41.14300570918318,41.13680486746931,40.449648669353444,48.54326330911852,48.53505144553637
data_subset/real/id36_0006.mp4,34.99980559156432,48.435536757645416,48.37238704983265,41.60488269490305,62.6982117738392,62.6982117738392,32.01618638245646,45.562174592421776,45.55828624081795,40.27620951498077,62.119134315221764,61.94637501553272,33.902332711264954,49.77106507925267,49.77106507925267,44.65052678576106,59.00628734605595,58.91945303857906,36.27529492745904,49.24985276096334,49.24985276096334,40.121441499866506,54.92791004892831,54.680422147529626,36.468597008786276,58.94280547370866,58.94280547370866,34.978434154610724,47.0115535565509,46.941175133378316
data_subset/real/id22_0008.mp4,41.07311513276345,62.31298551076899,62.31298551076899,46.04515404070661,69.79045983021837,69.54211822477625,37.00250073567397,56.814427828985956,56.75939754379933,41.964587770132674,57.20730492656905,57.13982575733614,39.57291501667608,56.13294068083783,56.064168415269855,39.78457615709887,58.810744798069884,58.734178326624296,40.80870464550198,66.07630414641392,66.07319468420567,36.47108744407065,47.92958270170087,47.86433847823642,46.2603355423935,56.69502805954985,56.678700815252135,41.01240977633398,49.406272124330755,49.335309919044775
data_subset/real/id37_0001.mp4,34.18659948149566,46.23218539055227,46.14381541095483,36.315829966735436,55.13871396557756,55.1097904393364,40.8259111633951,46.55112031649817,46.353419030124556,38.106562470269864,62.6878928403524,62.57373307691825,32.201588514342966,53.902454218529726,53.902454218529726,40.02382596667822,50.2747552993365,49.76475270957244,50.500867482926395,86.87847892557235,86.7570466061578,34.18059281478407,60.23399464411415,60.23399464411415,44.56675805667238,64.96507579706358,64.51675121002994,51.91871566236232,71.78341565119787,71.77616268464749
data_subset/real/id49_0005.mp4,37.91765102011048,57.97057723426203,57.97057723426203,45.14115729552943,66.35537679213725,66.2891912735901,40.124472120456495,51.000780287782916,50.667823619070965,40.549926182068305,61.05170567294636,61.028952045715926,42.60611039015504,61.465046124148735,61.361199409748465,30.340348975366155,45.49653176157894,45.49653176157894,33.48731441542259,46.39249265221256,46.39249265221256,42.198776960467754,60.07104637214918,60.062239827209446,42.07553487761742,47.27405662521424,47.242363061914936,32.164110588055046,52.32638791778888,52.32270143004436
data_subset/real/id21_0003.mp4,37.900497412060865,60.32468031737579,60.32468031737579,23.60828464134548,36.857881129556866,36.857881129556866,27.49639225974177,43.5763537605187,43.36509264515754,26.773806877130443,40.57746433976497,40.25023767200712,50.5,59.113826169894,59.113826169894,35.101264442069585,66.9888050348713,66.88376110835873,23.840288903450812,34.53776401067595,34.53776401067595,29.640705601780613,35.997685110758624,35.91076904402541,29.731307022799225,36.40054944640259,34.18698582794336,36.653570425890386,52.01495511442412,51.585958468473876
data_subset/real/id7_0002.mp4,35.441367936699194,47.416234769621795,47.374036346166356,39.14137445054211,63.41527102078375,63.32760446699641,42.56962343627404,55.3810752158487,55.26579765119359,34.18320281768933,47.120064189850005,47.083358988477016,41.08798148147731,56.458594441390204,56.20386024736682,36.57924409815569,44.8018597008323,44.69273998820235,44.39464330008179,63.82031079500354,63.495712763607905,44.09442854615613,60.37306254134344,60.05861185655026,33.73679882811467,49.68069156724457,49.673854781066964,34.37870800871068,28.720763579622083,28.462068814270374
data_subset/real/id4_0007.mp4,38.98253499468696,54.6668993149045,54.65133628242303,31.441733673756026,43.48298453810838,43.46159730393191,37.4014524462777,50.0911414222075,50.081158622575735,41.34132685488516,58.50678779156377,58.46968393885243,39.59875362669546,55.60980138705005,55.532976427744785,40.26907359346078,69.92533849787758,69.92202938917526,48.665172362378314,80.45299750323933,80.42813442605912,32.32799903009769,29.075228576874306,29.075228576874306,41.2425827939038,52.40346997945834,52.321937335168485,43.79682874052834,40.19727213691569,40.04795174198736
data_subset/real/id45_0007.mp4,34.36607026871541,52.86579365788291,52.848976918196584,33.400973039718465,54.179058411625896,54.15341718296818,28.80842545772256,40.04320229310614,39.536636536531766,39.90509022354866,53.41742570123928,53.33639329310032,36.110321344641086,54.14402980679237,53.78209240740658,35.621122429210786,54.94718908413761,54.74688056864949,30.701400028643977,46.84934915273622,46.73895466719302,31.585177273538747,51.84943561591244,51.81084803097367,40.113933719490866,66.65566755838053,66.63482752942011,37.03004602856522,62.979765950745325,62.979765950745325
data_subset/real/id1_0001.mp4,34.27228573003262,46.143552152471024,46.143552152471024,39.67154133300033,53.592361745377104,53.592361745377104,40.19284650847682,57.26566473837343,57.13635846393698,46.97801181137831,75.53390212593527,75.51551226465058,35.906624935876586,44.46260312805669,44.40267596819019,41.62210584018673,51.774713580427,51.40769537579023,39.93477214978896,67.49672938177855,67.44518363497939,43.66537775280416,52.4365754348724,52.34385812082209,39.18546684005667,53.08671522268446,52.72882997610691,41.6136567555824,48.96201498676934,48.670673583999026
data_subset/real/id47_0000.mp4,27.076987744321237,42.802486155928506,42.70131499260075,38.51755082996289,68.74778908009596,68.70978106212712,34.75547019295428,50.786408213805196,50.76890270117605,35.33269156136455,49.93837309996913,49.13371266367542,35.74098855968672,49.715832993478834,49.715832993478834,35.64163564454353,60.50430542578511,60.50430542578511,28.371980608195475,44.749920459446734,44.690378576823754,30.20859383194756,48.69076725957942,48.64359135170672,44.96033917538247,65.80997174404789,65.54022842461043,28.259793292857207,47.79713722107854,47.760346539054886
data_subset/real/id47_0007.mp4,45.57165134512885,56.44622685703343,56.297788493026964,32.28998203048048,44.10356807054603,44.051479882276304,36.07387892121507,55.113547784622895,54.91875525629078,43.43539128462251,70.95697327251179,70.93739689485493,26.64317634027489,47.07659785668073,47.0681301081962,36.04794672690434,51.34086436496269,51.34086436496269,50.108126486869125,66.4663356608226,66.1254809265652,40.79678073567302,56.70658352084346,56.62041142208695,34.56498980772544,43.32142004847154,43.00051864793239,43.322743103068106,47.86365745756815,47.28699631733978
data_subset/real/id11_0010.mp4,49.481688532223714,66.66213136500717,66.448441017687,22.628284390940934,36.025021829309104,35.92835253836782,37.1208895830452,59.46641490623695,59.44022472155963,37.44415198693295,65.29313827395218,65.29313827395218,24.303044392870675,40.43789134171829,40.40672629446197,40.3402921526667,54.7044211754875,54.672278817926774,37.93934888597257,64.2273830181365,64.20313498971213,34.376893887222174,38.832547460248556,37.80151315190232,44.49368877537415,65.4122028984862,65.3770942402462,38.39014489414831,53.37133500072772,53.37133500072772
data_subset/real/id36_0009.mp4,32.52274548592904,46.49102941779769,46.49102941779769,42.7324726724552,67.05879574051268,67.0380810315303,35.428665109183626,50.543916547889324,50.46560555219763,39.142979440841906,55.40972924711052,55.27861814103864,37.078159554735,47.1076708515845,46.56299222449046,36.87743389005668,48.05361928926255,47.9635258062441,21.926491577608967,33.77016230124506,33.77016230124506,22.79155196031708,27.224969781284177,27.045024581091372,44.33705760667735,60.7863179681029,60.58484037867639,41.79449121729047,51.217393255437024,50.71687060257978
data_subset/real/id33_0006.mp4,44.047616533944584,60.861446304360065,60.65571404458531,41.60675965488772,56.83985600588051,55.81032968374478,39.38591088923363,62.79917059694657,62.7493890620809,33.6184013405672,38.11057383627441,38.040641350312974,29.352882234999175,39.84344362627307,39.84344362627307,38.23706650918735,48.06072225964501,47.96509447153496,24.568962178745117,28.430973447586943,28.169617529691628,48.66225575379857,50.991538506345755,50.60705977671635,33.55195384850617,55.32679659774915,55.16967745653038,35.026764324947074,46.32151647496044,46.26399728463861
data_subset/real/id31_0002.mp4,34.22175285123936,48.31731431821901,48.232764772708705,39.38315341364882,61.28227935268579,61.23600924635976,40.26283136572381,50.101327642804065,50.088039197246054,46.64966754983538,59.33843515480767,59.26255045660214,40.86752741006632,60.46570476664313,60.46570476664313,40.7267377845554,54.03825902072142,54.00402960093357,27.20945799589946,32.96622709637745,32.96622709637745,32.85975715293613,42.36222165006519,42.258474577407085,40.93155522452398,55.85251472727566,55.62826081552923,44.59764911618341,50.91006823869729,50.88277970287233
data_subset/real/id46_0008.mp4,31.055998580493792,48.12151568798351,48.02791138607678,25.87195231263602,36.71682076407257,36.683092233876174,42.927320555657595,63.34375393786957,63.06346267006831,35.906693222964265,44.291794257500484,44.28279400253784,48.037492041729756,69.47823466834294,69.4038432651699,46.480795057094646,59.860218755539165,59.75358305089483,28.118602439267523,32.480051976287655,32.37279868502863,35.406981246466835,63.87618357914173,63.710924212713564,41.26894458732835,55.243105635799616,55.16475506387183,38.3301989591645,65.62202374203343,65.59523134344447
data_subset/real/id59_0005.mp4,41.80342554568019,66.35601706300871,66.30319811329674,24.95559672770247,33.49766747669814,33.49766747669814,35.19278933643596,61.121417395206834,61.121417395206834,27.211843544047948,39.99043252926319,39.99043252926319,40.016372340232294,55.85073509572799,55.80650803560677,28.210329740746253,49.97822655168649,49.866943140126295,44.167496597180325,64.780130076805,64.780130076805,33.33085597485699,35.405872243034416,34.8207467186567,29.522121893521945,46.94289300928984,46.90543229820649,32.6307268859796,53.8188400595133,53.745301088574
data_subset/real/id20_0007.mp4,37.278677731960705,59.456152024878314,59.391228007364234,29.40520134851211,57.17087606723185,57.17087606723185,39.94314462357192,56.884557303914946,56.884557303914946,41.93173829799725,62.27362632083819,62.21164268659585,23.114811314708398,27.619689031960917,27.442332211789548,40.29072736462106,53.500388627560326,53.500388627560326,33.12505294566427,35.811146846383956,35.562757297449814,39.78604833915041,37.56706965178709,36.74574214752265,42.74960860197009,54.32833887705231,53.82098773378764,38.133362847054045,53.71599541352004,53.65778753606326
data_subset/real/id56_0006.mp4,42.36222165006519,54.917112204011495,54.80085866833814,35.7410719498943,48.36362331824025,48.18380380747789,25.674337335813284,39.05717556305068,39.021598957310616,40.1538283601052,52.18723196961147,52.06596974359928,34.64101615137755,50.56820005836531,50.2443011287685,47.65323512138619,59.27961816047486,58.35722907067518,40.5065439036936,54.355375104225786,54.09073694385437,37.65696705586804,54.43660348568861,54.30056076736041,41.712383083376224,54.28907078774773,53.67182041387214,33.33285713945573,45.74855220828872,45.698339055372955
data_subset/real/id3_0000.mp4,27.503031152850866,26.367300788686702,26.367300788686702,37.84351392976459,60.12450379077084,59.85543332259133,38.22975796059834,50.46778905823301,50.40223692980644,32.66934981167926,51.37379504998873,51.37379504998873,38.82631323627431,53.05550974466268,53.05550974466268,39.659795894972014,53.59346989248931,53.59346989248931,34.996512945825714,55.84729239656307,55.84107469938922,37.89623846466458,59.30003485568485,59.29678192195663,27.949235529223483,36.2463853855076,36.22651588981114,35.496759360958784,45.87115940660452,45.87115940660452
data_subset/real/id29_0005.mp4,33.585998516661725,40.848891015587256,40.60638879269582,36.655637912881176,58.45009958429618,58.45009958429618,41.85936760362259,63.05604158911443,63.05604158911443,38.25336745225189,60.06708987129563,60.06708987129563,42.267102296087636,61.28757471585825,61.28442727942028,26.44868646427669,31.85471757950415,31.85471757950415,43.82240905705533,67.27949622466637,67.27949622466637,44.759161257126785,64.31453890323792,64.26593121037074,30.909704784911316,39.840818130801544,39.72303732035957,40.09930530214066,67.47259458778922,67.47259458778922
data_subset/real/id19_0008.mp4,36.462093229498805,51.50828299016849,51.47498286851655,44.571271711453484,65.97076661139468,65.96689960285747,37.44822765480573,59.18997963479946,59.158731091157655,37.890957580964226,57.98364575122174,57.97924603271021,41.23122791627524,63.04361898238277,63.03957241538224,41.10297877331131,61.12652008077914,61.122629466745444,40.116621607114446,57.0198558607006,57.01549156292461,43.55886469913502,65.88444154114238,65.85149473937877,32.354595800998574,40.637683039253524,40.48044195359059,31.257802000599586,46.75595373413526,46.75049738245535
data_subset/real/id61_0002.mp4,40.86428697014507,59.079550919264,58.95422323645376,35.64565578525024,47.51453333916194,47.46477620844458,34.94685964140736,43.92622615020618,43.88411009633199,39.281526586024,62.84099003002788,62.76933987189975,44.46614221410922,57.59995748297751,57.46090063722301,38.32137612773392,55.24224479309421,55.22212847481068,36.16321028030805,52.212617320025316,52.046097800856266,48.00992695971165,72.8324415481599,72.80889496884926,32.73018952163964,36.62960660614494,36.62960660614494,32.09234549005813,49.83751375999587,49.73467379784226
data_subset/real/id57_0003.mp4,33.43442084523226,49.45242107433547,49.411961609648515,48.37687999883165,70.72937002961812,70.66898361660472,42.40262271235423,58.62943314444548,58.534599338578296,38.718732585064814,59.35295859482288,59.292486446941986,42.29367427455225,60.96287643481889,60.8260846848822,36.83322568502345,55.321878168421144,55.3208739353467,40.463758595034,54.21129256297726,54.167687263054795,28.12237887061035,41.44005219184719,41.41323205415596,38.4970566391364,56.459693132483075,56.21894887404998,32.859134835750936,49.11936500139827,49.11936500139827
data_subset/real/id5_0005.mp4,42.583681116401465,51.114864121485304,50.98535273646773,46.3735924372306,80.97105876964092,80.96140968558196,37.80167801627883,51.94523125458933,51.90494355834754,39.97634476220536,49.391525374384756,49.391525374384756,41.3137465502358,43.3574097046116,43.33092766350244,45.05947663078614,64.75029381393976,64.72652222140199,43.162690528152375,59.76052766565688,59.66467023678566,42.28614875585553,49.93618376467701,49.91364992644389,49.58677887759783,67.89336411812135,67.57385842764458,40.897921707588026,53.97742977550958,53.81637124573671
data_subset/real/id10_0007.mp4,35.477352346877815,48.61717533556767,48.605367794366664,38.125628413768084,49.503732521171536,49.503732521171536,44.80802076405173,59.30275142462289,59.24697529522206,32.326305553884524,54.66817907060301,54.66817907060301,41.480977028809555,61.40989736196541,61.24741339083921,40.92265435823512,59.295166377057996,59.295166377057996,44.59242292069452,72.04289032602213,71.9476241817784,35.69797770304962,44.54248896811131,44.528455752448515,36.365416760581134,51.12258041026433,51.08639743563712,34.890466766751835,52.63165857988716,52.60341085200253
data_subset/real/id34_0009.mp4,41.059739607235144,58.500697018653426,58.500697018653426,40.94904625281113,64.58980562031125,64.56678974878926,50.225358075469416,78.87557295557538,78.87350301880885,46.34776161862884,73.53915891901288,73.44583360130785,40.63167997988035,57.477298526344185,57.447458521724705,37.66685479454555,46.85124016648041,46.685202336060115,41.814726354080555,56.41885925394319,56.41126076144681,39.463926223652514,56.92938896299185,56.88621408212266,35.637189015707655,44.7665482225079,44.7527571425146,30.686136321840692,38.86978335814386,38.82874299792402
data_subset/real/id59_0003.mp4,40.063884586480675,62.792013000567415,62.78287137014166,47.96285788424984,72.7322147104661,72.56014785465463,38.909872824916526,43.07973186662183,42.976802905165776,40.20222821533301,59.10103830430574,59.072018531330095,43.366557207411205,71.44656916114278,71.44428398609446,32.25771225614117,35.26020863416962,35.10229624702718,39.04267353989551,54.72151719794001,54.69017360699486,44.47746669447852,73.5124314889279,73.50462314868803,31.66172676252886,50.93326458102911,50.93326458102911,38.9392242982452,55.15425736499558,55.143064274511744
data_subset/real/id16_0002.mp4,34.30005280533806,50.6811816131983,50.612814207014374,36.89057377977104,54.91970019389905,54.91970019389905,37.413714189386496,55.25016483980489,55.231692880981676,39.24951264586826,55.5574829597633,55.36425238650699,40.02769877198186,63.50036156091827,63.451130158314335,38.478617941731,61.083643445166004,61.06908971614358,30.68534290048048,38.63281417481465,38.63281417481465,43.054223023853154,65.98837670694924,65.96732587152873,40.850398701188695,56.97591744530456,56.80485455411439,43.03532849474604,64.84214472677144,64.84214472677144
data_subset/real/id40_0001.mp4,32.58586891872509,50.7990991001588,50.7990991001588,36.17928676924501,50.844583661612454,50.184985675643716,33.529133691797774,61.854558397565356,61.822216027556166,37.49550887222008,58.130161244043556,57.62868868573349,29.530247085254377,44.40992597054241,44.36486813582406,24.778179429952832,38.44756293397585,38.17237392361064,40.198581793819926,53.38831137415024,53.34764768577376,40.02662253380673,50.78760947632849,50.43758952723439,30.283251981060133,48.48093631640659,48.05527857447336,43.882663383489174,63.82044515425974,63.465381675999375
data_subset/real/id8_0005.mp4,46.24306227033488,60.72391910672487,60.72391910672487,40.93490075440812,55.231004172406585,55.14298560585999,27.248009443709734,29.83586049418671,28.733358093806903,20.0325698520006,24.81845025577403,24.621951846553902,20.444926435104037,33.24136973909949,33.24136973909949,46.57455072794802,58.103802820834176,57.663086061007114,21.816605733117278,33.633006679778056,33.633006679778056,24.431097868984523,35.29366825809421,34.56331307830806,25.624433071737098,38.535697735995385,38.535697735995385,21.611506038396985,37.96480647405232,37.96480647405232
data_subset/real/id41_0005.mp4,42.442627691186715,65.42573813786402,65.29292534243847,33.02986863767735,46.122366887148445,46.122366887148445,33.15491690282047,45.25613675328684,44.94077735629141,34.61253549528305,37.81044339371901,36.880688512895,42.51653890174449,64.5444528565997,64.48118430404098,29.751316495119696,43.5749413103917,43.5749413103917,34.771742016187176,43.46708818292342,43.46708818292342,35.8936464285571,46.14528963070923,46.14528963070923,26.05084239876612,29.15378724381442,29.085104618302413,39.52837528412144,47.42340763627952,47.42340763627952
data_subset/real/id13_0004.mp4,37.03426589030936,40.01881820665868,39.248829975014495,39.26297143165711,61.20687199276174,61.002304703497245,33.633208942415415,46.228571222039434,46.222456383764715,35.29982728176512,38.49905025774401,38.354475092708384,42.83970096002397,74.67292152949801,74.6199373726658,44.77650355384054,52.756768703086145,52.75079868977026,39.5879120615064,52.155086628482266,51.690693094429626,42.541638135050874,67.94699564871927,67.7470846721537,35.93838178536081,36.25326265254639,36.25326265254639,50.82459645295966,64.49403148751347,64.01909825405524
data_subset/real/id6_0006.mp4,36.75046542932407,54.120990684327474,53.99091713106068,30.180080446839966,35.743856194644096,35.26285720319068,24.98312633390938,45.92499516095512,45.763656771781996,41.60743025651813,61.01299069881434,60.92186736224107,32.74035435928311,44.56525530441506,44.54530505642448,33.819296175939286,46.62132431292292,46.546666894738884,44.903147438375065,71.27077808978804,71.23411626270021,34.75166809594416,53.927225928050916,53.79403006452839,32.6666107092087,34.28520553143092,34.25067086097929,45.6928093735095,66.08950846580493,65.81658703740038
data_subset/real/id22_0003.mp4,46.73846854492472,67.48584526759792,67.2323222412508,31.356781098464978,38.265416593828554,38.19576760993641,29.428693495175523,39.792436348894846,39.48397677756428,34.97983063233276,54.154297585451715,53.928048162009794,35.07879239834335,57.69303592772548,57.443776120359516,38.497830929231924,55.41692978459193,55.39557060672872,39.94116988965389,40.85011356686363,40.77663886816106,30.135313188919138,41.2569424286855,41.223264315021105,35.479331770625635,54.9182878303241,54.8505270866689,26.21699448195398,32.19470787366525,32.111894545225155
data_subset/real/id33_0004.mp4,40.83415936968179,62.89129213055127,62.87506508564273,39.53091078816182,49.02201960567955,49.02201960567955,30.054513962528315,48.11163445580365,48.06249548336278,40.877917071702505,55.08501738659605,55.08501738659605,43.88772936841967,63.082358673503535,63.069972854065405,40.375846487619754,53.569841246325,53.52931545778149,40.7200302808699,62.886046344900066,62.797640988987865,31.234965480649937,33.18043162895715,33.17274241003097,21.556216635306573,27.543586802653287,27.543586802653287,33.46886100200901,47.940806372732766,47.91951689386406
data_subset/real/id50_0009.mp4,43.20819022732585,67.70885410176898,67.68153883388415,44.47419304894996,61.0250373013127,60.9617841622429,43.179917101262006,67.43293873300703,67.37570167936482,35.358873040899226,42.86026443658154,42.73044765109049,33.64211725615933,43.21595440812363,43.194434957211655,22.012786816909667,31.943828249996997,31.937789148279354,33.20867028823836,41.79617062677795,41.77308782837411,33.0786618441173,36.67384416012384,36.63034356883438,31.079707821497724,38.14478920259827,38.13639919172571,37.24379015836707,46.31304307842093,46.13283249562222
data_subset/real/id53_0009.mp4,35.02396847054031,45.966976874305786,45.95523390129229,36.15619355359748,45.624353503946345,45.624353503946345,32.970584647201704,45.33407737484652,45.30558092846074,40.268932872035,56.68683953499223,56.68483941140121,42.97650832299709,54.38170293869503,54.38170293869503,42.487563616465685,50.1554897479598,50.1554897479598,36.47198491145479,47.432194534772556,47.430623070716244,34.26783324341535,48.16981997107568,48.16678702145155,43.5136704103959,55.495324205081566,55.49121075457277,43.251782840718256,59.235835726432605,59.22041948292928
data_subset/real/id21_0005.mp4,37.48147690674836,55.52062393867419,55.31603696558738,35.75412240334615,61.68137349909366,61.68137349909366,31.99120973017432,54.2481072744215,54.2481072744215,45.68506561731693,65.82676708836705,65.06276404600501,32.264531609803356,51.532082779134356,51.42416206847171,33.238716811701465,51.23198759845241,49.59244328361935,33.27375628243462,52.82403817152146,52.01960351976953,46.18038399538487,59.02697411751163,58.17373697356383,27.203017570322572,50.974349958989144,50.41958303815588,25.768197453450252,45.582647770591144,45.46060565661952
data_subset/real/id0_0007.mp4,44.06477286460205,64.02989908759717,64.02154186357896,36.91272759576206,43.70415209168244,43.63924811236494,37.547628978323154,46.56619969597304,46.52647342398915,45.75242628113764,60.53224416249069,60.47760195683547,35.203548624152994,48.68970372941981,48.68660342796965,35.656143148378895,42.71609284634358,42.68356604455241,37.48987170177773,53.56141705393349,53.49965562438171,46.92954428098133,63.2957545666676,63.06199873267609,34.97727931139315,52.89779289175825,52.78371117739692,31.62922957116259,40.769334130473325,40.64939089878441
data_subset/real/id61_0005.mp4,36.65287288643176,42.31355284553531,42.089584967417885,40.479655986309716,60.47708524408808,60.4343656404574,41.283997308449166,55.16579833667278,55.16579833667278,42.735938815644715,62.37445090969869,62.34479851145836,37.338111968506944,54.7282505283669,54.65771086052704,31.72581515010726,53.079887808810575,53.03898766019333,39.81261914088475,57.25919833654453,57.23979085961178,48.42455947544858,74.75756735977315,74.68904790898743,46.79498608936706,69.51565509908451,69.49967026801802,38.49732004690263,64.69332472843554,64.68017425121388
data_subset/real/id13_0007.mp4,43.43734713116483,62.516556494026894,62.512475809147276,34.74144900997368,41.399861858234416,41.37894706178293,41.12940968780558,57.284996619546654,57.26611745127905,44.745449973906254,65.0258796266699,64.95981650133912,47.23883414854292,71.68307210300884,71.63663299451888,39.84596857568773,59.78793657847413,59.78573722413462,43.84086541207972,66.02691607230958,66.0138041933712,36.50480444289655,46.20297930710918,46.09961596729152,43.17264351985564,64.67433357645749,64.67324093308113,41.31054826200241,53.26310366338194,53.23142509383416
data_subset/real/id44_0000.mp4,46.730111963895006,56.21206203625114,56.21206203625114,31.418571185717898,49.75514023286274,49.75514023286274,34.91715456725002,40.50541661938813,40.46199637326616,35.21319253842187,54.034309773079,54.00176856041903,22.368477201665485,35.24935470051503,35.24935470051503,40.93258266151596,49.86372206859046,49.162448414304905,21.06840171964661,33.27477850194862,33.27477850194862,38.52480659409953,46.47456513063498,46.3693819139487,45.496830549810916,64.40810490128867,64.40810490128867,33.724606109930576,49.143168603664165,49.13505700139781
data_subset/real/id1_0005.mp4,38.87431850813767,54.61725113197708,54.47058032748918,40.055031386000714,39.14792604362586,39.132833261048816,44.205329413902895,63.395192541057746,63.374165724681994,36.799280419582836,35.86242568295023,35.69335060187514,29.9121980442216,47.746456537286285,47.629959067333424,37.28725776772455,56.32978091282687,56.291242124413074,40.14905422995468,55.389030986821204,55.389030986821204,33.574696227328246,43.585683764008046,43.585683764008046,38.75306784264729,55.842293334490044,55.8174161626768,30.787724097346416,50.7170293752073,50.69869391328941
data_subset/real/id29_0007.mp4,47.13265350246071,75.04538498306366,75.02195800068294,43.75432234884171,59.5856187025044,59.54176237200511,32.52929899901543,47.15808636490029,47.10266043233096,36.58163570347863,36.69033327125219,36.69033327125219,40.50856548374702,62.966387115369294,62.89765804329604,41.65942251950931,68.54491229487866,68.38527868403337,32.922693603261415,57.05825653494772,57.05825653494772,39.627168710368394,59.93051532121734,59.34831271588285,52.297635222564786,72.14356435296928,71.74011423833743,31.940512109539597,52.1465262896929,52.1128062867625
data_subset/real/id61_0000.mp4,42.62310951012966,45.086782715948125,45.07846896840993,45.504385425698494,63.23853800139344,63.20116130763007,39.66242176645834,57.592003290172215,57.592003290172215,42.602988609903875,50.83415705406393,50.83415705406393,49.463954428436196,65.62274207042228,65.53049655057119,43.83694109334188,57.44221729860153,57.391039168569336,46.32086133111099,63.722933429794004,63.699870246239556,26.828559665950568,38.39062965450054,38.39062965450054,33.05748547275507,49.323813619604145,49.11392300515866,37.10354907082986,57.3878675935844,57.35905823681912
data_subset/real/id28_0004.mp4,44.040665831860224,61.68219408956909,61.03256245602152,33.58875143356205,46.876275492850674,46.771995671359086,44.94381392290293,76.02353362215607,76.02353362215607,42.347553267041036,68.83767953245349,68.83767953245349,37.187660778249594,51.87701311559791,51.446866234509116,48.68672447739339,76.8446617587476,76.61918796679953,41.60947894221032,57.416431380932295,57.389305673357775,40.72751107949218,61.276928323618755,61.276928323618755,45.22473631226656,61.64205602331928,61.16938110003007,46.00146958610814,56.86001428499465,56.86001428499465
data_subset/real/id5_0004.mp4,36.91070581604973,58.56520623991858,58.56520623991858,47.29125043067872,59.90722666534439,59.87635244302109,43.051814631739944,64.69492821546824,64.68538605360065,37.48012262189791,46.75801678923731,46.74573964415286,29.38636825903777,43.21406707715036,43.15689193794558,44.2246382042171,62.91721516182054,62.88541932530005,39.28206498757127,61.475102347346926,61.4212989419698,45.8035200500965,77.33634245259843,77.28994190092018,25.19058704675419,38.81901724378456,38.774821011734346,35.06182586022955,48.20529929024619,48.194198043792845
data_subset/real/id21_0004.mp4,45.37311816017271,54.262212958024854,54.031358997364116,37.32574395796856,57.482507065404974,57.42197259624034,26.285951695452688,35.86326071884366,35.77601807618834,33.85450353050613,57.20370137355518,57.138650966801386,28.862296706981134,49.45013042335508,48.97782963322325,36.024438983579365,63.22448577020638,63.16343524163576,34.32602710244935,44.266710243232176,44.266710243232176,44.21071838561363,65.28977792917368,64.97252166438186,26.806840581091148,41.07142857142857,41.07142857142857,53.194307531365574,89.3233686833961,89.2076400087185
data_subset/real/id9_0004.mp4,32.80712284897065,43.92324783847697,43.92324783847697,41.78859032294746,68.08165383196156,68.08165383196156,30.01151517474418,47.30270865995733,47.290995055378204,38.489407304040064,56.08218166506311,56.07409447182079,32.78464007300603,39.51542925318076,39.41560352920653,43.991977248394136,69.21194640246244,69.21194640246244,40.71780333596861,54.9379815626841,54.81750338793213,39.03576581807818,62.31380428188951,62.26363468415278,52.34557267974227,65.90548629991697,65.89707953458596,47.18521021204304,58.8090071787475,58.75584503136667
data_subset/real/id8_0006.mp4,39.30088611960092,49.58428321157893,49.50748583291899,37.44462275471113,56.58844347794752,56.483283622997114,37.65140486834883,51.6329875031949,51.62103089443145,41.77013272818547,60.79578671126781,60.79578671126781,35.24989624579684,47.40467620156006,47.36849132591777,34.70884431466881,46.53684566593601,46.521371481665795,38.041248793197354,49.53644188366777,49.47918896115449,40.606126830956974,62.31413953691882,62.26863618216017,41.16355360787771,67.45632494061402,67.41989171892209,41.48251249015882,53.718883876387764,53.70739164233913
data_subset/real/id36_0001.mp4,43.22527978945445,60.84943442862506,60.79805646797882,40.97707876827961,59.578254513137146,59.578254513137146,42.47979271507391,65.73038680135069,65.72769158174623,39.12701305377404,55.873319765156374,55.83101256164722,44.08419962530191,67.80250097394635,67.7729971177459,40.246127095017,55.694092189504396,55.690306594121054,35.699736805347364,40.814281733996346,40.70954499965988,40.80277763729586,61.69220441449569,61.67178089848607,30.71886822250117,46.59026788101234,46.54732066644105,38.613303547927025,63.30203457436991,63.29923595798532
data_subset/real/id43_0007.mp4,38.356721643515044,44.8076550102978,44.75638625701556,39.11819663709039,51.658907220084586,51.658907220084586,30.649849352095067,39.140423977208606,38.56848901203159,43.79296309338912,47.819153541626804,47.11722132065448,40.41677868153509,59.37246867037285,59.36652146787393,34.89038501989817,49.332965617309476,49.27998586447363,38.109041811297985,60.72985465237373,60.72404038994417,35.40852916679378,40.42260934690414,40.20729082270167,33.04647147110063,48.39766375166854,48.375479752514515,40.31945558528283,61.299698704190135,61.286952618191826
data_subset/real/id17_0005.mp4,34.3042278057891,41.00060441849871,40.9879046776309,41.79496498394961,50.5444546588318,50.45880872283413,40.7365888387949,62.384587316851565,62.347773801148534,46.02224442774768,48.10459736430292,48.10459736430292,28.185247262802324,49.05112760715627,49.018612220495626,47.43903234271652,56.87123064648738,56.5588723035007,24.0776384705753,35.75532034157499,35.699340788432586,41.042702169332664,50.52854748344912,50.51824302138301,35.1332225844485,56.6409582462664,56.6409582462664,22.530695430192488,26.804572116380243,26.77972601419745
data_subset/real/id50_0004.mp4,30.258699068079128,44.665598603255354,44.65069246540731,39.2889397661697,48.1061129533848,48.08678196086307,36.21576422248812,43.603893107802165,43.603893107802165,32.74560387433012,50.81627720251258,50.74029936194586,35.411585790010385,53.487677037427666,53.47306887452942,32.974333662482,45.764661184130084,45.75129503834,37.322139217361986,54.1566672387989,54.03877778385793,48.523843249023635,66.21968410449469,66.17987097108565,45.32584460294916,59.855959727321824,59.84143208896769,33.586156386614036,47.37676459119229,47.366209718841255
data_subset/real/id17_0001.mp4,31.22637515291058,43.64747462129197,43.19767980825274,39.097593520548166,53.74118761339797,53.734617159514315,37.10977644695248,53.82558757274295,53.66407333067356,36.651545201789524,42.473314284428696,42.35819638870209,24.60122631971612,41.72737597141258,41.70164373410227,34.0249721181253,44.38251821572619,44.38251821572619,35.377829673559624,42.79790880092655,42.33908947689388,44.12671999242741,67.34387709968018,67.1143321898234,32.53749390191833,47.83905221831162,47.21655768385927,38.02760102051864,53.71112737675158,53.69658000358712
data_subset/real/id17_0004.mp4,42.892749345647815,55.61040376406848,55.35406545465542,32.82677046339043,47.43209332241551,47.31482184089065,41.9044016865073,70.14585684164372,70.04554755334829,20.293812287481046,23.781943733086763,23.767658318280933,39.31148820839438,49.68289466884691,49.633171882026616,44.436198055481626,59.897872266390365,59.86520300721679,40.339691523402216,58.567408063565054,58.507996082614106,37.32717349557944,47.10315788769578,47.07366254303376,26.65091206538619,39.26571099281492,39.05202328409098,25.337604079405256,34.87641500365513,34.80554628076167
data_subset/real/id11_0008.mp4,38.60677476397479,59.3337249653247,59.21309889440598,35.90968837493833,57.919218990292435,57.809002987464126,36.24188860691339,52.038467965801146,52.038467965801146,31.492087936525024,39.28499277836731,39.16050347730953,31.682315771626627,48.24469940219509,48.141237221733185,32.27866152423174,51.58237236266559,51.51520096830114,38.37837498242088,55.80736018884217,55.80278888340199,41.15474243718003,66.974203515853,66.94433461154794,37.261000464068616,50.22195633345224,50.22195633345224,33.349108134303826,47.075327238096065,46.70636314731925
data_subset/real/id44_0005.mp4,38.42126751984677,59.65148212515671,59.65148212515671,32.34638548533269,44.996850481872414,44.996850481872414,39.27616385059426,46.03195983803657,46.03195983803657,30.730921244148995,37.85798516583161,37.83734320504449,40.916961080725834,62.75838105883285,62.667109401282474,44.94819594731294,60.26867866421589,60.23950533437764,37.21223381430736,54.531121711109215,54.247387379863206,36.82331462873974,51.45398677558465,51.45398677558465,40.359064534655644,64.81790296066117,64.81790296066117,39.28934075771299,59.46040942876523,59.35751639628575
data_subset/real/id13_0015.mp4,45.53063171461364,64.14995500946767,64.14863140605136,36.52474340469034,44.55644698503269,44.54356304502768,42.257803473534295,54.01537392079663,53.989654953756634,42.59175609287354,63.38470586240654,63.24760727610715,34.29474423678168,47.59181172822866,47.46955490362973,33.09456878594575,41.81144913670853,41.81144913670853,45.59405282362364,67.47597670986106,67.47191071923723,31.397513737120203,48.51200307862124,48.51200307862124,33.3841789079879,52.8352414228003,52.72102435504359,40.093927076100925,53.028037764145544,52.96094483678076
data_subset/real/id9_0003.mp4,38.787527944004005,53.002764106369504,52.97267434635756,31.933397697785892,45.20731071314935,45.115185204075885,39.62721264649065,61.94504240070564,61.91735558584532,28.330834623713265,39.155870080405435,39.155870080405435,30.339376040189347,47.472689989772924,47.472689989772924,39.58587668162802,55.140555987295386,55.140555987295386,42.2624967450566,62.638240498560634,62.610860219887684,43.23100120703583,53.431359417442145,53.425821970462486,46.26726082792577,60.88936474647297,60.835043308368455,43.15059101028284,66.94056763521886,66.8299835097767
data_subset/real/id48_0004.mp4,33.838618547514926,50.04646367204277,50.04646367204277,37.544173244959715,50.84144576730436,50.84144576730436,35.00991922933334,36.961824502968405,36.866916743511524,29.274105626273446,39.662693449899244,39.627660464918975,38.62618907287294,40.690403662863375,40.41736782036953,38.80675403221187,52.22921745979529,52.217397374451274,35.341618275954986,51.482231576216925,51.475372783966876,32.20941961628834,48.20691553645969,48.1961147056451,35.19163922188662,54.53234065339137,54.53234065339137,38.207623435018924,50.642135128173024,50.60630131146025
data_subset/real/id33_0005.mp4,35.06909847817858,46.519795257782945,46.4978551602062,44.99623841382577,61.5797746475259,61.5797746475259,37.7112637499287,55.583650168667205,55.5326321349206,42.31587264168811,64.76588350395784,64.75950293020512,45.005668577209605,62.31115401010394,62.266126391388305,38.95206849642182,62.075497154181335,62.02513479984364,35.810398692866976,58.43843786762411,58.41918366776588,53.281961784923816,78.38097214381216,78.36992721873612,37.97668308383299,42.09755717763943,42.06793607407401,37.90938158452617,50.7509741350979,50.69509287318658
data_subset/real/id1_0004.mp4,37.721760484812094,48.695410899504836,48.4827998948784,43.64749388240115,67.69958450492236,67.69288524402445,40.24483036298044,55.46740658224182,55.199781737496174,36.27262719547477,46.15905790944176,46.10307297600671,40.67836911204786,48.69668798886732,48.69383618451441,38.02408895964183,51.85700595311875,51.83270724255818,37.28362848156236,55.12786620805363,54.94389531743323,36.878800261432815,53.358885731023285,53.341458382051854,36.62705590035306,49.77701058573952,49.77701058573952,40.74266897818048,60.65056552092929,60.60536424258463
data_subset/real/id52_0005.mp4,26.32692779475234,38.184128952159654,38.133970767800555,35.83850965515475,40.50119675732447,40.46117816840619,36.223238616570654,47.34721913485809,47.345918989916306,29.117528374046884,33.35529888516697,33.333706120364425,38.88693322512221,56.29659068228714,56.26105333575776,42.79998282778661,55.33592466759551,55.28065816101869,40.93940132071873,47.10115198717032,46.999920549148555,38.28600630572676,57.22249741254305,57.19252446646579,31.59317964562539,43.22178211249036,43.22178211249036,40.00857481149569,60.56957544335072,60.568059205478654
data_subset/real/id0_0001.mp4,44.713426366685205,70.83371348437404,70.81296625955017,32.28364229901427,54.34538957949809,54.332653952318914,44.63880934030082,67.11504546140507,67.07611227173614,45.479471543116446,75.62618909810473,75.42185545298811,34.18203754316244,46.223338474847154,46.08515940863684,43.92582653299927,53.70287225357879,53.437384328200025,39.58789525717245,52.929808481141706,52.8247433949208,28.499419348860325,37.15183400822544,37.0970519154562,37.89440801977978,43.37337893224368,43.05953162644583,38.63865290757307,55.27919926612683,55.23192357421783
data_subset/real/id23_0009.mp4,32.27584696892091,48.004075281969115,47.996999675894344,44.703153053044154,65.2736518953362,65.03680061490311,40.62291497789173,57.798389398688165,57.77435451222809,25.135338929977806,36.0962707164769,36.047539924899006,36.64612906584001,65.56947103405943,65.55045733550693,44.88759929950862,58.120903476258555,57.99350413182737,40.001897772931436,50.460570078557986,50.38212953422137,41.47797143253469,58.90670590009256,58.899006532551475,44.10115793853121,64.5089494707884,64.24019369289108,47.35071553874068,57.68258760115522,57.21201944015181
data_subset/real/id54_0000.mp4,35.11865591467731,52.32442792939036,52.25582276875952,44.94908676955256,70.26379608365502,70.18468443310367,40.45994725046691,46.26009631880464,46.220106951120435,42.14220214673541,62.65069296860222,62.62523895312384,33.96785796518294,48.481851840538404,48.47001133385718,30.809850917851694,44.49374660095549,44.460328777290954,33.458005703099246,46.13389155235575,46.119459979685104,36.601449467577666,50.51893966925793,50.47933503232905,36.93409730887874,49.546874031782245,49.540902397362174,34.3037958366178,53.8270093798226,53.78433881754814
data_subset/real/id11_0004.mp4,28.75047076416311,48.07747028170312,47.9446352227987,33.33350987407055,48.64002217690298,48.360366223370384,37.4631141708897,43.60069274866244,43.56035793199208,42.76531944182308,66.8768694911465,66.8768694911465,35.808279673244044,53.93507529371564,53.844467886114124,38.561917421943235,48.8810451603044,48.715638145705434,44.639216077267136,58.60011188602583,58.53041814090023,25.88716070343973,33.878534532072315,33.878534532072315,37.041844099419706,50.352498941560626,50.33484252366432,31.459058147440537,40.79370387094317,40.52349465754655
data_subset/real/id42_0001.mp4,37.774934549683564,40.02266931323941,39.53165262112015,34.55163332581215,51.93205922655295,51.905307991884854,22.65897339540865,32.902709210710896,32.70830431807469,44.831213016763414,57.94311905094059,57.60505659533261,49.94787748449067,70.12339302567372,70.05372669910649,50.943466721212374,79.37953143046228,79.22190360070724,30.043019947137246,45.85614400693576,45.62566140437578,46.70047932211355,77.44151471535781,77.2263179087307,37.20080104810395,54.51497121129021,54.51497121129021,39.574479111357164,52.4677986765138,52.4677986765138
data_subset/real/id21_0001.mp4,41.62743731500855,58.40943252232618,57.836172998583095,46.06936713013543,70.25087319873815,70.1271992458994,36.92975422594458,47.51104969387783,47.35511528447423,38.1829347737508,48.969705634921326,48.969705634921326,22.75761860340677,28.469598756835268,28.20860070912614,39.59688051385578,54.959477960467154,54.8583002523407,39.242761511720346,51.36540131927489,50.55452328517195,48.75618989929615,80.1934365562516,79.82365356877882,33.32738042082344,42.06222496766866,40.79260739255302,49.5915217929027,73.73953907663044,73.46038548761281
data_subset/real/id53_0000.mp4,46.691528978973615,73.57342826539222,73.46633451565589,42.0182409051826,57.583844784669374,57.583844784669374,32.87951423302908,45.398088005529736,45.367484135447114,36.2582331704847,45.59084203784443,45.47840012269212,41.26275900643428,60.404267811642534,60.26038880350444,42.94831458976223,61.36532564461323,61.36532564461323,31.75364286637981,55.79737394157103,55.78051740929784,39.71340069814392,51.31110010189249,51.2821249760694,38.60296799192118,52.44277736694714,52.40462668466577,38.69693314024094,53.267350274513824,53.267350274513824
data_subset/real/id2_0009.mp4,42.566514577368274,51.95661455405238,51.80644823250136,34.19526294171549,45.606644103623296,45.33173266481833,38.77629998563853,61.0079557374717,60.82760892074671,33.76016066903366,55.94155163692267,55.842153329141716,46.732218294848465,52.56163134869402,52.56163134869402,30.54619751795029,39.1283240585485,38.82005311819957,40.33688822047036,63.12600328113156,63.0896223916005,31.777942988091876,51.11580933252275,51.02019540063347,32.942071206918094,41.599946581162285,41.599946581162285,39.930116907952424,60.27872476972241,60.053292363973135
data_subset/real/id12_0004.mp4,27.80278069748549,43.84694743876313,43.72006048242095,37.67296215540168,56.29781918018179,56.12211113299901,31.547424294993863,40.99112231744255,40.99112231744255,33.281979131017444,51.49611140460917,51.49611140460917,32.95619988880865,57.78472180493797,57.70679400273484,23.222483099380657,34.81481079429384,34.65486891522413,37.32377114150653,46.216625514233534,46.216625514233534,32.46662336389575,51.13638804803636,51.02433135461935,41.08690777577934,65.76812264433462,65.76424372011442,38.88191285336865,56.14826838783827,56.068066160272714
data_subset/real/id52_0009.mp4,23.169516509931835,31.406242067721607,31.350221942058504,25.997995104550753,41.369900773873255,41.30548687829665,24.122177576976195,36.426803990879726,36.426803990879726,31.126761531625995,43.5931695508239,43.58122530020493,37.18727367708475,50.88223921540498,50.854935746650185,41.92913375971683,68.49088411303816,68.14009254838727,34.22720610409377,59.38200796622173,59.274511959691445,38.99915711980662,55.32084063138652,54.96665269200286,28.12880077340039,47.95964502600501,47.857725875979604,37.36161293030835,51.98299859432065,51.8274923842234
data_subset/real/id61_0004.mp4,29.58911237465508,42.08209232358897,42.07448745179275,47.6373796032671,72.25303770264854,72.25303770264854,37.77067439488858,56.81471438605419,56.80811702239119,28.75975078657884,41.0403609205596,41.0403609205596,42.48297618230298,53.70285905843973,53.44969910990642,38.70495038704407,48.87675170051708,48.779805259684025,33.566960935999504,44.62688025796159,44.622155766980036,45.014259626094216,61.36514206208869,61.34460965701287,41.32946109348875,62.17851558579952,62.125321371849296,41.649339270380025,65.08173824554184,65.079229577869
data_subset/real/id40_0002.mp4,40.24825702906339,51.446843036592576,51.37949445718166,43.62042962954574,66.39405358519635,66.35946439460787,38.77559939115924,53.34299257268297,53.16024067655489,46.07142473687262,62.51543019403833,62.376421035793385,29.3209281556303,44.92198452737313,44.81315731877805,39.5506231923188,69.98623123413832,69.93108402545724,37.0372661557539,50.560846772549304,50.3680013355418,29.536529592365383,46.90174029426185,46.88857723080484,43.17081010872779,66.11911857505336,66.05367001242873,37.72701608815873,61.15891760257014,61.15891760257014
data_subset/real/id10_0009.mp4,39.38800493744285,65.18382054676849,65.17614948026093,37.61026530508507,42.163836585944814,42.14834508254481,44.40202110015022,55.646352834735396,55.56670652519633,38.30430535917945,56.73251190766558,56.511750170680585,30.82759299708825,45.049523433688165,45.01868260871969,41.925427804598954,66.51137202382516,66.47442089547788,44.217904611081416,69.51899852890996,69.4145423150456,42.717586909207114,58.46427199074239,58.44201949446724,38.11793635954608,59.476302881279345,59.467305722117544,44.96777026920079,55.13878544740835,54.843581134721916
